Workbook

Sheet STOK TAKİBİ
A1: SOULMATE COFFEE - KÖTEKLİ ŞUBESİ - 2026 OCAK STOK TAKİP TABLOSU
A2: Mavi renkli hücreler giriş alanıdır. Formülleri değiştirmeyiniz.
A3: ÜRÜN ADI | B3: GRUP | C3: BİRİM | D3: BİRİM FİYAT (KDV Hariç) | E3: DEVİR (Ay Başı) | F3: GELEN (Alım) | G3: 1. SAYIM | H3: 2. SAYIM | I3: 3. SAYIM | J3: 4. SAYIM | K3: AY SONU STOK | L3: TOPLAM KULLANIM | M3: KULLANIM TUTARI (₺) | N3: ZAYİ ADET | O3: ZAYİ TUTARI (₺) | P3: İKRAM ADET | Q3: İKRAM TUTARI (₺) | R3: NET KULLANIM ADET | S3: NET KULLANIM TUTARI (₺)
A4: Espresso Çekirdek (kg) | B4: SICAK İÇECEK | C4: KG | D4: 520 | K4: =IF(J4<>"",J4,IF(I4<>"",I4,IF(H4<>"",H4,G4))) -> 0 | L4: =IF(AND(E4<>"",F4<>"",K4<>""),E4+F4-K4,0) -> 0 | M4: =L4*D4 -> 0 | O4: =IF(N4="",0,N4*D4) -> 0 | Q4: =IF(P4="",0,P4*D4) -> 0 | R4: =L4-IF(N4="",0,N4)-IF(P4="",0,P4) -> 0 | S4: =R4*D4 -> 0
A5: Filtre Kahve (kg) | B5: SICAK İÇECEK | C5: KG | D5: 450 | K5: =IF(J5<>"",J5,IF(I5<>"",I5,IF(H5<>"",H5,G5))) -> 0 | L5: =IF(AND(E5<>"",F5<>"",K5<>""),E5+F5-K5,0) -> 0 | M5: =L5*D5 -> 0 | O5: =IF(N5="",0,N5*D5) -> 0 | Q5: =IF(P5="",0,P5*D5) -> 0 | R5: =L5-IF(N5="",0,N5)-IF(P5="",0,P5) -> 0 | S5: =R5*D5 -> 0
A6: Türk Kahvesi (kg) | B6: SICAK İÇECEK | C6: KG | D6: 380 | K6: =IF(J6<>"",J6,IF(I6<>"",I6,IF(H6<>"",H6,G6))) -> 0 | L6: =IF(AND(E6<>"",F6<>"",K6<>""),E6+F6-K6,0) -> 0 | M6: =L6*D6 -> 0 | O6: =IF(N6="",0,N6*D6) -> 0 | Q6: =IF(P6="",0,P6*D6) -> 0 | R6: =L6-IF(N6="",0,N6)-IF(P6="",0,P6) -> 0 | S6: =R6*D6 -> 0
A7: Süt (1L) | B7: SICAK İÇECEK | C7: ADET | D7: 42 | K7: =IF(J7<>"",J7,IF(I7<>"",I7,IF(H7<>"",H7,G7))) -> 0 | L7: =IF(AND(E7<>"",F7<>"",K7<>""),E7+F7-K7,0) -> 0 | M7: =L7*D7 -> 0 | O7: =IF(N7="",0,N7*D7) -> 0 | Q7: =IF(P7="",0,P7*D7) -> 0 | R7: =L7-IF(N7="",0,N7)-IF(P7="",0,P7) -> 0 | S7: =R7*D7 -> 0
A8: Bitkisel Süt - Yulaf (1L) | B8: SICAK İÇECEK | C8: ADET | D8: 85 | K8: =IF(J8<>"",J8,IF(I8<>"",I8,IF(H8<>"",H8,G8))) -> 0 | L8: =IF(AND(E8<>"",F8<>"",K8<>""),E8+F8-K8,0) -> 0 | M8: =L8*D8 -> 0 | O8: =IF(N8="",0,N8*D8) -> 0 | Q8: =IF(P8="",0,P8*D8) -> 0 | R8: =L8-IF(N8="",0,N8)-IF(P8="",0,P8) -> 0 | S8: =R8*D8 -> 0
A9: Bitkisel Süt - Badem (1L) | B9: SICAK İÇECEK | C9: ADET | D9: 90 | K9: =IF(J9<>"",J9,IF(I9<>"",I9,IF(H9<>"",H9,G9))) -> 0 | L9: =IF(AND(E9<>"",F9<>"",K9<>""),E9+F9-K9,0) -> 0 | M9: =L9*D9 -> 0 | O9: =IF(N9="",0,N9*D9) -> 0 | Q9: =IF(P9="",0,P9*D9) -> 0 | R9: =L9-IF(N9="",0,N9)-IF(P9="",0,P9) -> 0 | S9: =R9*D9 -> 0
A10: Sıcak Çikolata (kg) | B10: SICAK İÇECEK | C10: KG | D10: 280 | K10: =IF(J10<>"",J10,IF(I10<>"",I10,IF(H10<>"",H10,G10))) -> 0 | L10: =IF(AND(E10<>"",F10<>"",K10<>""),E10+F10-K10,0) -> 0 | M10: =L10*D10 -> 0 | O10: =IF(N10="",0,N10*D10) -> 0 | Q10: =IF(P10="",0,P10*D10) -> 0 | R10: =L10-IF(N10="",0,N10)-IF(P10="",0,P10) -> 0 | S10: =R10*D10 -> 0
A11: Matcha Tozu (250g) | B11: SICAK İÇECEK | C11: ADET | D11: 320 | K11: =IF(J11<>"",J11,IF(I11<>"",I11,IF(H11<>"",H11,G11))) -> 0 | L11: =IF(AND(E11<>"",F11<>"",K11<>""),E11+F11-K11,0) -> 0 | M11: =L11*D11 -> 0 | O11: =IF(N11="",0,N11*D11) -> 0 | Q11: =IF(P11="",0,P11*D11) -> 0 | R11: =L11-IF(N11="",0,N11)-IF(P11="",0,P11) -> 0 | S11: =R11*D11 -> 0
A12: Chai Latte Tozu (kg) | B12: SICAK İÇECEK | C12: KG | D12: 250 | K12: =IF(J12<>"",J12,IF(I12<>"",I12,IF(H12<>"",H12,G12))) -> 0 | L12: =IF(AND(E12<>"",F12<>"",K12<>""),E12+F12-K12,0) -> 0 | M12: =L12*D12 -> 0 | O12: =IF(N12="",0,N12*D12) -> 0 | Q12: =IF(P12="",0,P12*D12) -> 0 | R12: =L12-IF(N12="",0,N12)-IF(P12="",0,P12) -> 0 | S12: =R12*D12 -> 0
A13: Bitki Çayı (kutu) | B13: SICAK İÇECEK | C13: ADET | D13: 45 | K13: =IF(J13<>"",J13,IF(I13<>"",I13,IF(H13<>"",H13,G13))) -> 0 | L13: =IF(AND(E13<>"",F13<>"",K13<>""),E13+F13-K13,0) -> 0 | M13: =L13*D13 -> 0 | O13: =IF(N13="",0,N13*D13) -> 0 | Q13: =IF(P13="",0,P13*D13) -> 0 | R13: =L13-IF(N13="",0,N13)-IF(P13="",0,P13) -> 0 | S13: =R13*D13 -> 0
A14: Siyah Çay (kg) | B14: SICAK İÇECEK | C14: KG | D14: 180 | K14: =IF(J14<>"",J14,IF(I14<>"",I14,IF(H14<>"",H14,G14))) -> 0 | L14: =IF(AND(E14<>"",F14<>"",K14<>""),E14+F14-K14,0) -> 0 | M14: =L14*D14 -> 0 | O14: =IF(N14="",0,N14*D14) -> 0 | Q14: =IF(P14="",0,P14*D14) -> 0 | R14: =L14-IF(N14="",0,N14)-IF(P14="",0,P14) -> 0 | S14: =R14*D14 -> 0
A15: Vanilya Şurup | B15: SICAK İÇECEK | C15: ADET | D15: 120 | K15: =IF(J15<>"",J15,IF(I15<>"",I15,IF(H15<>"",H15,G15))) -> 0 | L15: =IF(AND(E15<>"",F15<>"",K15<>""),E15+F15-K15,0) -> 0 | M15: =L15*D15 -> 0 | O15: =IF(N15="",0,N15*D15) -> 0 | Q15: =IF(P15="",0,P15*D15) -> 0 | R15: =L15-IF(N15="",0,N15)-IF(P15="",0,P15) -> 0 | S15: =R15*D15 -> 0
... A62: Kağıt Havlu (rulo) | B62: TEMİZLİK | C62: ADET | D62: 45 | K62: =IF(J62<>"",J62,IF(I62<>"",I62,IF(H62<>"",H62,G62))) -> 0 | L62: =IF(AND(E62<>"",F62<>"",K62<>""),E62+F62-K62,0) -> 0 | M62: =L62*D62 -> 0 | O62: =IF(N62="",0,N62*D62) -> 0 | Q62: =IF(P62="",0,P62*D62) -> 0 | R62: =L62-IF(N62="",0,N62)-IF(P62="",0,P62) -> 0 | S62: =R62*D62 -> 0
A63: TOPLAM | L63: =SUM(L4:L62) -> 0 | M63: =SUM(M4:M62) -> 0 | N63: =SUM(N4:N62) -> 0 | O63: =SUM(O4:O62) -> 0 | P63: =SUM(P4:P62) -> 0 | Q63: =SUM(Q4:Q62) -> 0 | R63: =SUM(R4:R62) -> 0 | S63: =SUM(S4:S62) -> 0

Sheet ZAYİ TAKİBİ
A1: SOULMATE COFFEE - KÖTEKLİ ŞUBESİ - GÜNLÜK ZAYİ TAKİBİ - 2026 OCAK
A2: ÜRÜN ADI | B2: 1 | C2: 2 | D2: 3 | E2: 4 | F2: 5 | G2: 6 | H2: 7 | I2: 8 | J2: 9 | K2: 10 | L2: 11 | M2: 12 | N2: 13 | O2: 14 | P2: 15 | Q2: 16 | R2: 17 | S2: 18 | T2: 19 | U2: 20 | V2: 21 | W2: 22 | X2: 23 | Y2: 24 | Z2: 25 | AA2: 26 | AB2: 27 | AC2: 28 | AD2: 29 | AE2: 30 | AF2: 31 | AG2: TOPLAM
A3: ESPRESSO S | AG3: =SUM(B3:AF3) -> 0
A4: S.FILTER COFFEE | AG4: =SUM(B4:AF4) -> 0
A5: S.AMERICANO | AG5: =SUM(B5:AF5) -> 0
A6: S.CAFE LATTE | AG6: =SUM(B6:AF6) -> 0
A7: S.CAPPUCCINO | AG7: =SUM(B7:AF7) -> 0
A8: S.CAFE MOCHA | AG8: =SUM(B8:AF8) -> 0
A9: S.W.CHOC.MOCHA | AG9: =SUM(B9:AF9) -> 0
A10: S.CARAMEL LATTE | AG10: =SUM(B10:AF10) -> 0
A11: S.CRM.MACC. | AG11: =SUM(B11:AF11) -> 0
A12: S.FLAT WHITE | AG12: =SUM(B12:AF12) -> 0
A13: S.B.BERRY WHITE CHOC. | AG13: =SUM(B13:AF13) -> 0
A14: S.CINNAMON ROLL LATTE | AG14: =SUM(B14:AF14) -> 0
... A60: ICED B.BERRY W. CHOC. | AG60: =SUM(B60:AF60) -> 0
A61: ICED SPICE MANGO LATTE
A62: ICED CINNAMON ROLL LATTE
A63: ICED MACADAMIA NUT LATTE
A64: ICED SPANISH LATTE
A65: FRAPPE
A66: CARAMEL FRAPPE
A67: HAZELNUT FRAPPE
A68: COCO. FRAPPE
A69: CHOC.MOCHA FRAPPE
A70: W.CHOC.MOCHA FRAPPE
A71: ICEPUCCINO
A72: CARAMEL MACADAMIA NUT FRAPPE
... A186: CORNY KARIŞIK TAHIL BAR

Sheet İKRAM TAKİBİ
A1: SOULMATE COFFEE - KÖTEKLİ ŞUBESİ - GÜNLÜK İKRAM TAKİBİ - 2026 OCAK
A2: ÜRÜN ADI | B2: 1 | C2: 2 | D2: 3 | E2: 4 | F2: 5 | G2: 6 | H2: 7 | I2: 8 | J2: 9 | K2: 10 | L2: 11 | M2: 12 | N2: 13 | O2: 14 | P2: 15 | Q2: 16 | R2: 17 | S2: 18 | T2: 19 | U2: 20 | V2: 21 | W2: 22 | X2: 23 | Y2: 24 | Z2: 25 | AA2: 26 | AB2: 27 | AC2: 28 | AD2: 29 | AE2: 30 | AF2: 31 | AG2: TOPLAM
A3: ESPRESSO S | AG3: =SUM(B3:AF3) -> 0
A4: S.FILTER COFFEE | AG4: =SUM(B4:AF4) -> 0
A5: S.AMERICANO | AG5: =SUM(B5:AF5) -> 0
A6: S.CAFE LATTE | AG6: =SUM(B6:AF6) -> 0
A7: S.CAPPUCCINO | AG7: =SUM(B7:AF7) -> 0
A8: S.CAFE MOCHA | AG8: =SUM(B8:AF8) -> 0
A9: S.W.CHOC.MOCHA | AG9: =SUM(B9:AF9) -> 0
A10: S.CARAMEL LATTE | AG10: =SUM(B10:AF10) -> 0
A11: S.CRM.MACC. | AG11: =SUM(B11:AF11) -> 0
A12: S.FLAT WHITE | AG12: =SUM(B12:AF12) -> 0
A13: S.B.BERRY WHITE CHOC. | AG13: =SUM(B13:AF13) -> 0
A14: S.CINNAMON ROLL LATTE | AG14: =SUM(B14:AF14) -> 0
... A61: ICED SPICE MANGO LATTE | AG61: =SUM(B61:AF61) -> 0
A62: ICED CINNAMON ROLL LATTE
A63: ICED MACADAMIA NUT LATTE
A64: ICED SPANISH LATTE
A65: FRAPPE
A66: CARAMEL FRAPPE
A67: HAZELNUT FRAPPE
A68: COCO. FRAPPE
A69: CHOC.MOCHA FRAPPE
A70: W.CHOC.MOCHA FRAPPE
A71: ICEPUCCINO
A72: CARAMEL MACADAMIA NUT FRAPPE
A73: WHITE MOCHA BLUEBERRY FRAPPE
... A186: CORNY KARIŞIK TAHIL BAR

Sheet COST - P&L
A1: SOULMATE COFFEE - KÖTEKLİ ŞUBESİ - AYLIK MALİYET VE KAR/ZARAR ÖZETİ
A3: TOPLU VERİLER | G3: ŞUBE BİLGİLERİ
A4: KATEGORİ | B4: DEVİR (₺) | C4: GELEN (₺) | D4: KALAN (₺) | E4: KULLANIM (₺) | G4: Şube Adı | H4: SOULMATE COFFEE - KÖTEKLİ ŞUBESİ
A5: SICAK İÇECEK | B5: =SUMPRODUCT(('STOK TAKİBİ'!B4:B62=A5)*('STOK TAKİBİ'!E4:E62)*('STOK TAKİBİ'!D4:D62)) -> 0 | C5: =SUMPRODUCT(('STOK TAKİBİ'!B4:B62=A5)*('STOK TAKİBİ'!F4:F62)*('STOK TAKİBİ'!D4:D62)) -> 0 | D5: =SUMPRODUCT(('STOK TAKİBİ'!B4:B62=A5)*('STOK TAKİBİ'!K4:K62)*('STOK TAKİBİ'!D4:D62)) -> 0 | E5: =SUMPRODUCT(('STOK TAKİBİ'!B4:B62=A5)*('STOK TAKİBİ'!M4:M62)) -> 0 | G5: CİRO (₺)
A6: SOĞUK İÇECEK | B6: =SUMPRODUCT(('STOK TAKİBİ'!B4:B62=A6)*('STOK TAKİBİ'!E4:E62)*('STOK TAKİBİ'!D4:D62)) -> 0 | C6: =SUMPRODUCT(('STOK TAKİBİ'!B4:B62=A6)*('STOK TAKİBİ'!F4:F62)*('STOK TAKİBİ'!D4:D62)) -> 0 | D6: =SUMPRODUCT(('STOK TAKİBİ'!B4:B62=A6)*('STOK TAKİBİ'!K4:K62)*('STOK TAKİBİ'!D4:D62)) -> 0 | E6: =SUMPRODUCT(('STOK TAKİBİ'!B4:B62=A6)*('STOK TAKİBİ'!M4:M62)) -> 0 | G6: İNDİRİM CİRO ORANI | H6: =IF(H5=0,0,0) -> 0
A7: GIDA | B7: =SUMPRODUCT(('STOK TAKİBİ'!B4:B62=A7)*('STOK TAKİBİ'!E4:E62)*('STOK TAKİBİ'!D4:D62)) -> 0 | C7: =SUMPRODUCT(('STOK TAKİBİ'!B4:B62=A7)*('STOK TAKİBİ'!F4:F62)*('STOK TAKİBİ'!D4:D62)) -> 0 | D7: =SUMPRODUCT(('STOK TAKİBİ'!B4:B62=A7)*('STOK TAKİBİ'!K4:K62)*('STOK TAKİBİ'!D4:D62)) -> 0 | E7: =SUMPRODUCT(('STOK TAKİBİ'!B4:B62=A7)*('STOK TAKİBİ'!M4:M62)) -> 0 | G7: İKRAM CİRO ORANI | H7: =IF(H5=0,0,'STOK TAKİBİ'!Q63/H5) -> 0
A8: SARF | B8: =SUMPRODUCT(('STOK TAKİBİ'!B4:B62=A8)*('STOK TAKİBİ'!E4:E62)*('STOK TAKİBİ'!D4:D62)) -> 0 | C8: =SUMPRODUCT(('STOK TAKİBİ'!B4:B62=A8)*('STOK TAKİBİ'!F4:F62)*('STOK TAKİBİ'!D4:D62)) -> 0 | D8: =SUMPRODUCT(('STOK TAKİBİ'!B4:B62=A8)*('STOK TAKİBİ'!K4:K62)*('STOK TAKİBİ'!D4:D62)) -> 0 | E8: =SUMPRODUCT(('STOK TAKİBİ'!B4:B62=A8)*('STOK TAKİBİ'!M4:M62)) -> 0 | G8: ZAYİ CİRO ORANI | H8: =IF(H5=0,0,'STOK TAKİBİ'!O63/H5) -> 0
A9: TEMİZLİK | B9: =SUMPRODUCT(('STOK TAKİBİ'!B4:B62=A9)*('STOK TAKİBİ'!E4:E62)*('STOK TAKİBİ'!D4:D62)) -> 0 | C9: =SUMPRODUCT(('STOK TAKİBİ'!B4:B62=A9)*('STOK TAKİBİ'!F4:F62)*('STOK TAKİBİ'!D4:D62)) -> 0 | D9: =SUMPRODUCT(('STOK TAKİBİ'!B4:B62=A9)*('STOK TAKİBİ'!K4:K62)*('STOK TAKİBİ'!D4:D62)) -> 0 | E9: =SUMPRODUCT(('STOK TAKİBİ'!B4:B62=A9)*('STOK TAKİBİ'!M4:M62)) -> 0 | G9: GÜNLÜK CİRO ORT. | H9: =IF(H10=0,0,H5/H10) -> 0
A10: TOPLAM | B10: =SUM(B5:B9) -> 0 | C10: =SUM(C5:C9) -> 0 | D10: =SUM(D5:D9) -> 0 | E10: =SUM(E5:E9) -> 0 | G10: ÇALIŞAN GÜN SAYISI
G12: COST ORANLARI
A13: GELİR - GİDER TABLOSU | G13: COST GIDA (%) | H13: =IF(H5=0,0,(E5+E6+E7)/H5) -> 0
A14: KALEM | B14: TUTAR (₺) | G14: COST SARF (%) | H14: =IF(H5=0,0,E8/H5) -> 0
A15: Ciro | B15: =H5 -> 0 | G15: COST TEMİZLİK (%) | H15: =IF(H5=0,0,E9/H5) -> 0
A16: Günlük Ortalama | B16: =H9 -> 0 | G16: GENEL COST (%) | H16: =IF(H5=0,0,E10/H5) -> 0
A17: Personel Maliyet
A18: COST (Malzeme) | B18: =E10 -> 0
A19: Kira
A20: Elektrik
A21: Su
A22: Doğalgaz
A23: İnternet
A24: Diğer Giderler / Vergiler
A26: GELİR TOPLAM | B26: =B15 -> 0
A27: GİDER TOPLAM | B27: =SUM(B17:B24) -> 0
A28: AYLIK NET KAZANÇ | B28: =B26-B27 -> 0

Sheet KULLANIM KILAVUZU
A1: SOULMATE COFFEE - KÖTEKLİ ŞUBESİ - KULLANIM KILAVUZU
A3: SAYFA AÇIKLAMALARI
A4: STOK TAKİBİ | B4: Ay başı devir, alım ve sayım bilgilerini girin. Kullanım otomatik hesaplanır.
A5: ZAYİ TAKİBİ | B5: Günlük zayi (bozulan/dökülen) ürün adetlerini girin.
A6: İKRAM TAKİBİ | B6: Günlük ikram edilen ürün adetlerini girin.
A7: COST - P&L | B7: CİRO ve giderleri girin, kar/zarar ve cost oranları otomatik hesaplanır.
A9: RENK KODLARI
A10: Mavi yazı + Sarı zemin | B10: Giriş alanı (siz doldurun)
A11: Siyah yazı | B11: Formül (değiştirmeyin)
A12: Kırmızı zemin | B12: Zayi giriş alanı
A13: Yeşil zemin | B13: İkram giriş alanı
A15: ÖNEMLİ
A16: 1. | B16: Ürün listesini kendi menünüze göre düzenleyin.
A17: 2. | B17: Yeni ürün eklerken formülleri aşağı sürükleyin.
A18: 3. | B18: Her ay başında DEVİR sütununa önceki ay sonu stok değerini girin.
A19: 4. | B19: Sayım sütunlarından en az birini doldurun (ay sonu stok hesabı için).
